<?xml version="1.0" encoding="UTF-8"?>
<GenRun Id="impl_1" LaunchPart="xc7k70tfbv676-1" LaunchTime="1735147670">
  <File Type="ROUTE-PWR" Name="CPU_19_bit_power_routed.rpt"/>
  <File Type="PA-TCL" Name="CPU_19_bit.tcl"/>
  <File Type="ROUTE-PWR-SUM" Name="CPU_19_bit_power_summary_routed.pb"/>
  <File Type="REPORTS-TCL" Name="CPU_19_bit_reports.tcl"/>
  <File Type="OPT-RQA-PB" Name="CPU_19_bit_rqa_opted.pb"/>
  <File Type="BITSTR-MMI" Name="CPU_19_bit.mmi"/>
  <File Type="OPT-METHODOLOGY-DRC" Name="CPU_19_bit_methodology_drc_opted.rpt"/>
  <File Type="INIT-TIMING" Name="CPU_19_bit_timing_summary_init.rpt"/>
  <File Type="OPT-TIMING" Name="CPU_19_bit_timing_summary_opted.rpt"/>
  <File Type="OPT-DCP" Name="CPU_19_bit_opt.dcp"/>
  <File Type="OPT-DRC" Name="CPU_19_bit_drc_opted.rpt"/>
  <File Type="OPT-HWDEF" Name="CPU_19_bit.hwdef"/>
  <File Type="PWROPT-DCP" Name="CPU_19_bit_pwropt.dcp"/>
  <File Type="PWROPT-DRC" Name="CPU_19_bit_drc_pwropted.rpt"/>
  <File Type="PWROPT-TIMING" Name="CPU_19_bit_timing_summary_pwropted.rpt"/>
  <File Type="PLACE-DCP" Name="CPU_19_bit_placed.dcp"/>
  <File Type="PLACE-IO" Name="CPU_19_bit_io_placed.rpt"/>
  <File Type="PLACE-CLK" Name="CPU_19_bit_clock_utilization_placed.rpt"/>
  <File Type="PLACE-UTIL" Name="CPU_19_bit_utilization_placed.rpt"/>
  <File Type="PLACE-UTIL-PB" Name="CPU_19_bit_utilization_placed.pb"/>
  <File Type="PLACE-CTRL" Name="CPU_19_bit_control_sets_placed.rpt"/>
  <File Type="PLACE-SIMILARITY" Name="CPU_19_bit_incremental_reuse_placed.rpt"/>
  <File Type="PLACE-PRE-SIMILARITY" Name="CPU_19_bit_incremental_reuse_pre_placed.rpt"/>
  <File Type="BG-BIN" Name="CPU_19_bit.bin"/>
  <File Type="PLACE-TIMING" Name="CPU_19_bit_timing_summary_placed.rpt"/>
  <File Type="ROUTE-PWR-RPX" Name="CPU_19_bit_power_routed.rpx"/>
  <File Type="PLACE-RQA-PB" Name="CPU_19_bit_rqa_placed.pb"/>
  <File Type="POSTPLACE-PWROPT-DCP" Name="CPU_19_bit_postplace_pwropt.dcp"/>
  <File Type="BITSTR-MSK" Name="CPU_19_bit.msk"/>
  <File Type="POSTPLACE-PWROPT-TIMING" Name="CPU_19_bit_timing_summary_postplace_pwropted.rpt"/>
  <File Type="PHYSOPT-DCP" Name="CPU_19_bit_physopt.dcp"/>
  <File Type="PHYSOPT-DRC" Name="CPU_19_bit_drc_physopted.rpt"/>
  <File Type="BITSTR-RBT" Name="CPU_19_bit.rbt"/>
  <File Type="PHYSOPT-TIMING" Name="CPU_19_bit_timing_summary_physopted.rpt"/>
  <File Type="ROUTE-ERROR-DCP" Name="CPU_19_bit_routed_error.dcp"/>
  <File Type="ROUTE-DCP" Name="CPU_19_bit_routed.dcp"/>
  <File Type="ROUTE-BLACKBOX-DCP" Name="CPU_19_bit_routed_bb.dcp"/>
  <File Type="ROUTE-DRC" Name="CPU_19_bit_drc_routed.rpt"/>
  <File Type="ROUTE-DRC-PB" Name="CPU_19_bit_drc_routed.pb"/>
  <File Type="ROUTE-DRC-RPX" Name="CPU_19_bit_drc_routed.rpx"/>
  <File Type="ROUTE-METHODOLOGY-DRC" Name="CPU_19_bit_methodology_drc_routed.rpt"/>
  <File Type="ROUTE-METHODOLOGY-DRC-RPX" Name="CPU_19_bit_methodology_drc_routed.rpx"/>
  <File Type="ROUTE-METHODOLOGY-DRC-PB" Name="CPU_19_bit_methodology_drc_routed.pb"/>
  <File Type="ROUTE-RQS-PB" Name="CPU_19_bit_rqs_routed.pb"/>
  <File Type="ROUTE-STATUS" Name="CPU_19_bit_route_status.rpt"/>
  <File Type="ROUTE-STATUS-PB" Name="CPU_19_bit_route_status.pb"/>
  <File Type="ROUTE-TIMINGSUMMARY" Name="CPU_19_bit_timing_summary_routed.rpt"/>
  <File Type="ROUTE-TIMING-PB" Name="CPU_19_bit_timing_summary_routed.pb"/>
  <File Type="ROUTE-TIMING-RPX" Name="CPU_19_bit_timing_summary_routed.rpx"/>
  <File Type="ROUTE-SIMILARITY" Name="CPU_19_bit_incremental_reuse_routed.rpt"/>
  <File Type="ROUTE-CLK" Name="CPU_19_bit_clock_utilization_routed.rpt"/>
  <File Type="ROUTE-BUS-SKEW" Name="CPU_19_bit_bus_skew_routed.rpt"/>
  <File Type="ROUTE-BUS-SKEW-PB" Name="CPU_19_bit_bus_skew_routed.pb"/>
  <File Type="ROUTE-BUS-SKEW-RPX" Name="CPU_19_bit_bus_skew_routed.rpx"/>
  <File Type="POSTROUTE-PHYSOPT-DCP" Name="CPU_19_bit_postroute_physopt.dcp"/>
  <File Type="POSTROUTE-PHYSOPT-BLACKBOX-DCP" Name="CPU_19_bit_postroute_physopt_bb.dcp"/>
  <File Type="POSTROUTE-PHYSOPT-TIMING" Name="CPU_19_bit_timing_summary_postroute_physopted.rpt"/>
  <File Type="POSTROUTE-PHYSOPT-TIMING-PB" Name="CPU_19_bit_timing_summary_postroute_physopted.pb"/>
  <File Type="POSTROUTE-PHYSOPT-TIMING-RPX" Name="CPU_19_bit_timing_summary_postroute_physopted.rpx"/>
  <File Type="POSTROUTE-PHYSOPT-BUS-SKEW" Name="CPU_19_bit_bus_skew_postroute_physopted.rpt"/>
  <File Type="BG-BIT" Name="CPU_19_bit.bit"/>
  <File Type="POSTROUTE-PHYSOPT-BUS-SKEW-PB" Name="CPU_19_bit_bus_skew_postroute_physopted.pb"/>
  <File Type="POSTROUTE-PHYSOPT-BUS-SKEW-RPX" Name="CPU_19_bit_bus_skew_postroute_physopted.rpx"/>
  <File Type="BITSTR-NKY" Name="CPU_19_bit.nky"/>
  <File Type="BITSTR-BMM" Name="CPU_19_bit_bd.bmm"/>
  <File Type="PDI-FILE" Name="CPU_19_bit.pdi"/>
  <File Type="BOOT-PDI-FILE" Name="CPU_19_bit_boot.pdi"/>
  <File Type="PL-PDI-FILE" Name="CPU_19_bit_pld.pdi"/>
  <File Type="RCFI_FILE" Name="CPU_19_bit.rcfi"/>
  <File Type="CFI_FILE" Name="CPU_19_bit.cfi"/>
  <File Type="RNPI_FILE" Name="CPU_19_bit.rnpi"/>
  <File Type="NPI_FILE" Name="CPU_19_bit.npi"/>
  <File Type="RBD_FILE" Name="CPU_19_bit.rbd"/>
  <File Type="BITSTR-LTX" Name="debug_nets.ltx"/>
  <File Type="BITSTR-LTX" Name="CPU_19_bit.ltx"/>
  <File Type="BITSTR-SYSDEF" Name="CPU_19_bit.sysdef"/>
  <File Type="BG-BGN" Name="CPU_19_bit.bgn"/>
  <File Type="BG-DRC" Name="CPU_19_bit.drc"/>
  <File Type="RDI-RDI" Name="CPU_19_bit.vdi"/>
  <File Type="WBT-USG" Name="usage_statistics_webtalk.html"/>
  <File Type="ROUTE-RQS" Name="CPU_19_bit_routed.rqs"/>
  <File Type="POSTROUTE-PHYSOPT-RQS" Name="CPU_19_bit_postroute_physopted.rqs"/>
  <File Type="ROUTE-RQS-RPT" Name="route_report_qor_suggestions_0.rpt"/>
  <File Type="POSTROUTE-PHYSOPT-RQS-RPT" Name="postroute_physopt_report_qor_suggestions_0.rpt"/>
  <FileSet Name="sources" Type="DesignSrcs" RelSrcDir="$PSRCDIR/sources_1" RelGenDir="$PGENDIR/sources_1">
    <Filter Type="Srcs"/>
    <File Path="$PSRCDIR/sources_1/new/adder.v">
      <FileInfo>
        <Attr Name="UsedIn" Val="synthesis"/>
        <Attr Name="UsedIn" Val="implementation"/>
        <Attr Name="UsedIn" Val="simulation"/>
      </FileInfo>
    </File>
    <File Path="$PSRCDIR/sources_1/new/alu.v">
      <FileInfo>
        <Attr Name="UsedIn" Val="synthesis"/>
        <Attr Name="UsedIn" Val="implementation"/>
        <Attr Name="UsedIn" Val="simulation"/>
      </FileInfo>
    </File>
    <File Path="$PSRCDIR/sources_1/new/datapath.v">
      <FileInfo>
        <Attr Name="UsedIn" Val="synthesis"/>
        <Attr Name="UsedIn" Val="implementation"/>
        <Attr Name="UsedIn" Val="simulation"/>
      </FileInfo>
    </File>
    <File Path="$PSRCDIR/sources_1/new/imm_extend.v">
      <FileInfo>
        <Attr Name="UsedIn" Val="synthesis"/>
        <Attr Name="UsedIn" Val="implementation"/>
        <Attr Name="UsedIn" Val="simulation"/>
      </FileInfo>
    </File>
    <File Path="$PSRCDIR/sources_1/new/main_decoder.v">
      <FileInfo>
        <Attr Name="UsedIn" Val="synthesis"/>
        <Attr Name="UsedIn" Val="implementation"/>
        <Attr Name="UsedIn" Val="simulation"/>
      </FileInfo>
    </File>
    <File Path="$PSRCDIR/sources_1/new/mux2.v">
      <FileInfo>
        <Attr Name="UsedIn" Val="synthesis"/>
        <Attr Name="UsedIn" Val="implementation"/>
        <Attr Name="UsedIn" Val="simulation"/>
      </FileInfo>
    </File>
    <File Path="$PSRCDIR/sources_1/new/mux4.v">
      <FileInfo>
        <Attr Name="UsedIn" Val="synthesis"/>
        <Attr Name="UsedIn" Val="implementation"/>
        <Attr Name="UsedIn" Val="simulation"/>
      </FileInfo>
    </File>
    <File Path="$PSRCDIR/sources_1/new/reg_file.v">
      <FileInfo>
        <Attr Name="UsedIn" Val="synthesis"/>
        <Attr Name="UsedIn" Val="implementation"/>
        <Attr Name="UsedIn" Val="simulation"/>
      </FileInfo>
    </File>
    <File Path="$PSRCDIR/sources_1/new/reset_ff.v">
      <FileInfo>
        <Attr Name="UsedIn" Val="synthesis"/>
        <Attr Name="UsedIn" Val="implementation"/>
        <Attr Name="UsedIn" Val="simulation"/>
      </FileInfo>
    </File>
    <File Path="$PSRCDIR/sources_1/new/CPU_19_bit.v">
      <FileInfo>
        <Attr Name="UsedIn" Val="synthesis"/>
        <Attr Name="UsedIn" Val="implementation"/>
        <Attr Name="UsedIn" Val="simulation"/>
      </FileInfo>
    </File>
    <Config>
      <Option Name="DesignMode" Val="RTL"/>
      <Option Name="TopModule" Val="CPU_19_bit"/>
      <Option Name="TopAutoSet" Val="TRUE"/>
    </Config>
  </FileSet>
  <FileSet Name="constrs_in" Type="Constrs" RelSrcDir="$PSRCDIR/constrs_1" RelGenDir="$PGENDIR/constrs_1">
    <Filter Type="Constrs"/>
    <Config>
      <Option Name="ConstrsType" Val="XDC"/>
    </Config>
  </FileSet>
  <FileSet Name="utils" Type="Utils" RelSrcDir="$PSRCDIR/utils_1" RelGenDir="$PGENDIR/utils_1">
    <Filter Type="Utils"/>
    <Config>
      <Option Name="TopAutoSet" Val="TRUE"/>
    </Config>
  </FileSet>
  <Strategy Version="1" Minor="2">
    <StratHandle Name="Vivado Implementation Defaults" Flow="Vivado Implementation 2024">
      <Desc>Default settings for Implementation.</Desc>
    </StratHandle>
    <Step Id="init_design"/>
    <Step Id="opt_design"/>
    <Step Id="power_opt_design"/>
    <Step Id="place_design"/>
    <Step Id="post_place_power_opt_design"/>
    <Step Id="phys_opt_design"/>
    <Step Id="route_design"/>
    <Step Id="post_route_phys_opt_design"/>
    <Step Id="write_bitstream"/>
  </Strategy>
</GenRun>
